Config,RMSE,R2,DirAcc
L2 Only (HTFN),0.007498,0.761462,0.583
L3 Only (CNN-BiLSTM),0.008774,-2.498105,0.5166
L2 + L3 (Ensemble),0.007518,0.883703,0.5849
Full Pipeline (w/ XAI & NGFS),0.007518,0.883703,0.5849
